Workbook

Sheet data
A1: trade_id | B1: type | C1: stop_loss_pct | D1: date | E1: return_pct_absolute | F1: return_pct_risk | G1: iv
A2: 1 | B2: SHORT | C2: 8.48 | D2: 44515 | E2: 15.43 | F2: 9.1 | G2: 1.0909788
A3: 2 | B3: SHORT2 | C3: 28.28 | D3: 44526 | E3: 8.16 | F3: 2.89 | G3: 1.0288543
A4: 3 | B4: LONG | C4: 15.05 | D4: 44541 | E4: -6.46 | F4: -2.15 | G4: 0.97853821
A5: 4 | B5: SHORT | C5: 8.69 | D5: 44547 | E5: -5.88 | F5: -3.38 | G5: 0.96616801
A6: 5 | B6: LONG | C6: 14.23 | D6: 44551 | E6: -2.83 | F6: -0.99 | G6: 0.99005622
A7: 6 | B7: SHORT | C7: 13.32 | D7: 44558 | E7: 10.11 | F7: 3.8 | G7: 1.0379505
A8: 7 | B8: LONG | C8: 7.43 | D8: 44572 | E8: -1.13 | F8: -0.76 | G8: 0.99239569
A9: 8 | B9: SHORT | C9: 5.21 | D9: 44578 | E9: 13.09 | F9: 12.56 | G9: 1.1256238
A10: 9 | B10: LONG | C10: 10.28 | D10: 44585 | E10: 10.43 | F10: 5.07 | G10: 1.0507296
A11: 10 | B11: LONG2 | C11: 20.75 | D11: 44596 | E11: -2.46 | F11: -1.19 | G11: 0.98814458
A12: 11 | B12: SHORT | C12: 10.43 | D12: 44609 | E12: 5.64 | F12: 2.7 | G12: 1.0270374
A13: 12 | B13: LONG | C13: 4.97 | D13: 44614 | E13: -4.97 | F13: -5 | G13: 0.95
... A50: 49 | B50: SHORT | C50: 15.76 | D50: 44873 | E50: 7.12 | F50: 2.26 | G50: 1.0225888

Sheet monthly return
A1: Noviembre | B1: Diciembre | C1: Enero | D1: Febrero | E1: Marzo | F1: Abril | G1: Mayo | H1: Junio | I1: Julio | J1: Agosto | K1: Septiembre | L1: Octubre | M1: Noviembre
A2: =PRODUCT(data!G2:G3) -> 1.1224582 | B2: =PRODUCT(data!G4:G7) -> 0.97155394 | C2: =PRODUCT(data!G8:G10) -> 1.1737324 | D2: =PRODUCT(data!G11:G14) -> 0.95633451 | E2: =PRODUCT(data!G15:G20) -> 0.94352452 | F2: =PRODUCT(data!G21) -> 1.0695801 | G2: =PRODUCT(data!G22:G26) -> 0.97663044 | H2: =PRODUCT(data!G27:G28) -> 1.169433 | I2: =PRODUCT(data!G29:G33) -> 1.13377 | J2: =PRODUCT(data!G34) -> 1.1389184 | K2: =PRODUCT(data!G35:G41) -> 0.91286148 | L2: =PRODUCT(data!G42:G47) -> 1.042804 | M2: =PRODUCT(data!G48:G50) -> 0.92288642

Sheet monthly return %
A1: Noviembre | B1: Diciembre | C1: Enero | D1: Febrero | E1: Marzo | F1: Abril | G1: Mayo | H1: Junio | I1: Julio | J1: Agosto | K1: Septiembre | L1: Octubre | M1: Noviembre2
A2: =('monthly return'!A2-1)*100 -> 12.245822 | B2: =('monthly return'!B2-1)*100 -> -2.8446059 | C2: =('monthly return'!C2-1)*100 -> 17.37324 | D2: =('monthly return'!D2-1)*100 -> -4.366549 | E2: =('monthly return'!E2-1)*100 -> -5.6475477 | F2: =('monthly return'!F2-1)*100 -> 6.958012 | G2: =('monthly return'!G2-1)*100 -> -2.3369563 | H2: =('monthly return'!H2-1)*100 -> 16.943303 | ... M2: =('monthly return'!M2-1)*100 -> -7.7113579
A5: Noviembre | B5: Diciembre | C5: Enero | D5: Febrero | E5: Marzo | F5: Abril | G5: Mayo | H5: Junio | I5: Julio | J5: Agosto | K5: Septiembre | L5: Octubre | M5: Noviembre2
A6: 12.245822 | B6: -2.8446059 | C6: 17.37324 | D6: -4.366549 | E6: -5.6475477 | F6: 6.958012 | G6: -2.3369563 | H6: 16.943303 | I6: 13.376999 | J6: 13.891844 | K6: -8.7138521 | L6: 4.2803956 | M6: -7.7113579

Sheet monthly_return%
A1: month | B1: month2 | C1: year | D1: Rent | E1: nº
A2: November 2021 | B2: November | C2: 2021 | D2: 12.245822 | E2: 1
A3: December 2021 | B3: December | C3: 2021 | D3: -2.8446059 | E3: 2
A4: January 2022 | B4: January | C4: 2022 | D4: 17.37324 | E4: 3
A5: February 2022 | B5: February | C5: 2022 | D5: -4.366549 | E5: 4
A6: March 2022 | B6: March | C6: 2022 | D6: -5.6475477 | E6: 5
A7: April 2022 | B7: April | C7: 2022 | D7: 6.958012 | E7: 6
A8: May 2022 | B8: May | C8: 2022 | D8: -2.3369563 | E8: 7
A9: June 2022 | B9: June | C9: 2022 | D9: 16.943303 | E9: 8
A10: July 2022 | B10: July | C10: 2022 | D10: 13.376999 | E10: 9
A11: August 2022 | B11: August | C11: 2022 | D11: 13.891844 | E11: 10
A12: September 2022 | B12: September | C12: 2022 | D12: -8.7138521 | E12: 11
A13: October 2022 | B13: October | C13: 2022 | D13: 4.2803956 | E13: 12
A14: November 2022 | B14: November | C14: 2022 | D14: -7.7113579 | E14: 13

Sheet BestWorst month
A1: best_month | B1: worst_month
A2: 17.37324 | B2: -8.7138521
